Workbook

Sheet Inputs
A1: Portfolio workbook (v1)
A2: Liability cashflows are Python literals; ModelCheck uses Excel formulas.

Sheet PolicyRegister
A1: policy_id | B1: product_type | C1: single_premium
A2: p1 | B2: spia | C2: 1107735.9
A3: p2 | B3: term_life | C3: 29673.942
A4: p3 | B4: rila | C4: 0
A5: p4 | B5: myga | C5: 100000
A6: p5 | B6: universal_life | C6: 30000

Sheet ProductTypeRollups
A1: product_type | B1: policy_count | C1: sum_single_premium | D1: sum_undiscounted_cf
A2: myga | B2: 1 | C2: 100000 | D2: 123392.01
A3: rila | B3: 1 | C3: 0 | D3: 0
A4: spia | B4: 1 | C4: 1107735.9 | D4: 1798306.3
A5: term_life | B5: 1 | C5: 29673.942 | D5: 43577.929
A6: universal_life | B6: 1 | C6: 30000 | D6: 32406.119

Sheet LiabilityAggregate
A1: month | B1: t_years | C1: total_cf | D1: cf_myga | E1: cf_rila | F1: cf_spia | G1: cf_term_life | H1: cf_universal_life
A2: 1 | B2: 0.083333333 | C2: 6960.7133 | D2: 168.83241 | E2: 0 | F2: 6655.4524 | G2: -200 | H2: 336.42851
A3: 2 | B3: 0.16666667 | C3: 6949.6238 | D3: 169.16779 | E3: 0 | F3: 6644.257 | G3: -199.66357 | H3: 335.86259
A4: 3 | B4: 0.25 | C4: 6938.5541 | D4: 169.50384 | E4: 0 | F4: 6633.0804 | G4: -199.32771 | H4: 335.29762
A5: 4 | B5: 0.33333333 | C5: 6927.5043 | D5: 169.84056 | E5: 0 | F5: 6621.9226 | G5: -198.99241 | H5: 334.7336
A6: 5 | B6: 0.41666667 | C6: 6916.4744 | D6: 170.17795 | E6: 0 | F6: 6610.7836 | G6: -198.65768 | H6: 334.17053
A7: 6 | B7: 0.5 | C7: 6905.4642 | D7: 170.516 | E7: 0 | F7: 6599.6633 | G7: -198.32351 | H7: 333.60841
A8: 7 | B8: 0.58333333 | C8: 6894.4738 | D8: 170.85473 | E8: 0 | F8: 6588.5617 | G8: -197.9899 | H8: 333.04723
A9: 8 | B9: 0.66666667 | C9: 6883.5031 | D9: 171.19413 | E9: 0 | F9: 6577.4788 | G9: -197.65685 | H9: 332.487
A10: 9 | B10: 0.75 | C10: 6872.5521 | D10: 171.5342 | E10: 0 | F10: 6566.4146 | G10: -197.32436 | H10: 331.92771
A11: 10 | B11: 0.83333333 | C11: 6861.6208 | D11: 171.87495 | E11: 0 | F11: 6555.3689 | G11: -196.99244 | H11: 331.36936
A12: 11 | B12: 0.91666667 | C12: 6850.7091 | D12: 172.21638 | E12: 0 | F12: 6544.3418 | G12: -196.66107 | H12: 330.81195
A13: 12 | B13: 1 | C13: 11839.817 | D13: 172.55849 | E13: 0 | F13: 6533.3333 | G13: 4803.6697 | H13: 330.25548
... A601: 600 | B601: 50 | C601: 0 | D601: 0 | E601: 0 | F601: 0 | G601: 0 | H601: 0

Sheet ModelCheck
A1: month | B1: rollup_minus_total
A2: 1 | B2: =SUM(LiabilityAggregate!D2:H2)-LiabilityAggregate!C2
A3: 2 | B3: =SUM(LiabilityAggregate!D3:H3)-LiabilityAggregate!C3
A4: 3 | B4: =SUM(LiabilityAggregate!D4:H4)-LiabilityAggregate!C4
A5: 4 | B5: =SUM(LiabilityAggregate!D5:H5)-LiabilityAggregate!C5
A6: 5 | B6: =SUM(LiabilityAggregate!D6:H6)-LiabilityAggregate!C6
A7: 6 | B7: =SUM(LiabilityAggregate!D7:H7)-LiabilityAggregate!C7
A8: 7 | B8: =SUM(LiabilityAggregate!D8:H8)-LiabilityAggregate!C8
A9: 8 | B9: =SUM(LiabilityAggregate!D9:H9)-LiabilityAggregate!C9
A10: 9 | B10: =SUM(LiabilityAggregate!D10:H10)-LiabilityAggregate!C10
A11: 10 | B11: =SUM(LiabilityAggregate!D11:H11)-LiabilityAggregate!C11
A12: 11 | B12: =SUM(LiabilityAggregate!D12:H12)-LiabilityAggregate!C12
A13: 12 | B13: =SUM(LiabilityAggregate!D13:H13)-LiabilityAggregate!C13
... A601: 600 | B601: =SUM(LiabilityAggregate!D601:H601)-LiabilityAggregate!C601

Sheet README
A1: Portfolio v1 workbook
A2: Per-policy pricing is seriatim in Python; this file rolls up liability CF only.
A3: ALM is not embedded here (v1); run ALM from the app or CLI on the aggregate path.
